,Future Years,Predicted
0,20,0.5087600000000001
1,21,0.5277628571428572
2,22,0.5467657142857143
3,23,0.5657685714285714
4,24,0.5847714285714286
5,25,0.6037742857142858
