,Future Years,Predicted
0,20,0.10172857142857143
1,21,0.09812142857142858
2,22,0.09451428571428572
3,23,0.09090714285714287
4,24,0.08730000000000002
5,25,0.08369285714285715
