,Year,Buffalo_Pct
0,14,0.4642071829953579
1,15,0.2158132234647832
2,16,0.5200945626477541
3,17,0.5544774050457444
4,18,0.4477403106198405
5,19,0.4512067156348373
6,20,0.5087600000000001
7,21,0.5277628571428572
8,22,0.5467657142857143
9,23,0.5657685714285714
10,24,0.5847714285714286
11,25,0.6037742857142858
