,Future Years,Predicted
0,20,0.41545714285714297
1,21,0.3721678571428573
2,22,0.3288785714285716
3,23,0.2855892857142859
4,24,0.24230000000000018
5,25,0.19901071428571449
